{"cameraMode":{"drawMode":0,"name":"Shaded","section":"Shading Mode"},"sceneLighting":true,"audioPlay":false,"sceneViewState":{"m_AlwaysRefresh":false,"showFog":true,"showSkybox":true,"showFlares":true,"showImageEffects":true,"showParticleSystems":true,"showVisualEffectGraphs":true,"m_FxEnabled":true},"in2DMode":false,"pivot":{"x":703.2031860351563,"y":267.12384033203127,"z":98.16319274902344},"rotation":{"x":0.11089751124382019,"y":-0.09221707284450531,"z":0.010235783644020558,"w":0.9895417094230652},"size":304.8468017578125,"orthographic":false}